Workbook
Name Slicer_Containers_still_in_Yard: #N/A
Name Slicer_Risk_Level: #N/A
Name Slicer_Terminal: #N/A

Sheet Raw Data
B1: Container Dwell Risk — Raw Data
B2: Report (as-of) Date: | C2: 46259
A4: S.no | B4: Container ID | C4: Terminal | D4: Vessel | E4: Customer | F4: Type | G4: Discharge Date | H4: Free Time (days) | I4: Gate Out Date | J4: Free Time Finish Day | K4: Demurrage Rate/day | L4: Dwell Time | M4: Risk Level | N4: Demurrage Calculation$ | O4: Containers still in Yard
A5: 1 | B5: CNTR100000 | C5: Terminal C | D5: Maersk Kiel | E5: Redline Logistics | F5: 20GP | G5: 46249 | H5: 7 | J5: =G5+H5 -> 46256 | K5: 130 | L5: =MAX(0, IF(I5="", $C$2-J5, I5-J5)) -> 3 | M5: {=_xlfn.IFS(L5>=10,"HIGH",L5=0,"LOW",L5<=9,"MEDIUM")} -> MEDIUM | N5: {=_xlfn.IFS(M5="HIGH",K5*L5,M5="MEDIUM",K5*L5,M5="LOW","NA")} -> 390 | O5: =IF(I5="","still in yard","cleared") -> still in yard
A6: 2 | B6: CNTR100001 | C6: Terminal A | D6: COSCO Harmony | E6: Atlas Motors | F6: 20GP | G6: 46247 | H6: 6 | I6: 46253 | J6: =G6+H6 -> 46253 | K6: 60 | L6: =MAX(0, IF(I6="", $C$2-J6, I6-J6)) -> 0 | M6: {=_xlfn.IFS(L6>=10,"HIGH",L6=0,"LOW",L6<=9,"MEDIUM")} -> LOW | N6: {=_xlfn.IFS(M6="HIGH",K6*L6,M6="MEDIUM",K6*L6,M6="LOW","NA")} -> NA | O6: =IF(I6="","still in yard","cleared") -> cleared
A7: 3 | B7: CNTR100002 | C7: Terminal A | D7: OOCL Bergen | E7: Harbor Direct | F7: 20GP | G7: 46185 | H7: 7 | I7: 46197 | J7: =G7+H7 -> 46192 | K7: 75 | L7: =MAX(0, IF(I7="", $C$2-J7, I7-J7)) -> 5 | M7: {=_xlfn.IFS(L7>=10,"HIGH",L7=0,"LOW",L7<=9,"MEDIUM")} -> MEDIUM | N7: {=_xlfn.IFS(M7="HIGH",K7*L7,M7="MEDIUM",K7*L7,M7="LOW","NA")} -> 375 | O7: =IF(I7="","still in yard","cleared") -> cleared
A8: 4 | B8: CNTR100003 | C8: Terminal A | D8: COSCO Harmony | E8: BlueCrest Mfg | F8: 40HC | G8: 46205 | H8: 5 | I8: 46206 | J8: =G8+H8 -> 46210 | K8: 75 | L8: =MAX(0, IF(I8="", $C$2-J8, I8-J8)) -> 0 | M8: {=_xlfn.IFS(L8>=10,"HIGH",L8=0,"LOW",L8<=9,"MEDIUM")} -> LOW | N8: {=_xlfn.IFS(M8="HIGH",K8*L8,M8="MEDIUM",K8*L8,M8="LOW","NA")} -> NA | O8: =IF(I8="","still in yard","cleared") -> cleared
A9: 5 | B9: CNTR100004 | C9: Terminal A | D9: ZIM Voyager | E9: Harbor Direct | F9: 40GP | G9: 46211 | H9: 4 | I9: 46212 | J9: =G9+H9 -> 46215 | K9: 60 | L9: =MAX(0, IF(I9="", $C$2-J9, I9-J9)) -> 0 | M9: {=_xlfn.IFS(L9>=10,"HIGH",L9=0,"LOW",L9<=9,"MEDIUM")} -> LOW | N9: {=_xlfn.IFS(M9="HIGH",K9*L9,M9="MEDIUM",K9*L9,M9="LOW","NA")} -> NA | O9: =IF(I9="","still in yard","cleared") -> cleared
A10: 6 | B10: CNTR100005 | C10: Terminal A | D10: ZIM Voyager | E10: Atlas Motors | F10: 40RF | G10: 46171 | H10: 4 | I10: 46172 | J10: =G10+H10 -> 46175 | K10: 150 | L10: =MAX(0, IF(I10="", $C$2-J10, I10-J10)) -> 0 | M10: {=_xlfn.IFS(L10>=10,"HIGH",L10=0,"LOW",L10<=9,"MEDIUM")} -> LOW | N10: {=_xlfn.IFS(M10="HIGH",K10*L10,M10="MEDIUM",K10*L10,M10="LOW","NA")} -> NA | O10: =IF(I10="","still in yard","cleared") -> cleared
A11: 7 | B11: CNTR100006 | C11: Terminal C | D11: Evergreen Ace | E11: Atlas Motors | F11: 40GP | G11: 46169 | H11: 5 | J11: =G11+H11 -> 46174 | K11: 90 | L11: =MAX(0, IF(I11="", $C$2-J11, I11-J11)) -> 85 | M11: {=_xlfn.IFS(L11>=10,"HIGH",L11=0,"LOW",L11<=9,"MEDIUM")} -> HIGH | N11: {=_xlfn.IFS(M11="HIGH",K11*L11,M11="MEDIUM",K11*L11,M11="LOW","NA")} -> 7650 | O11: =IF(I11="","still in yard","cleared") -> still in yard
A12: 8 | B12: CNTR100007 | C12: Terminal D | D12: ONE Kestrel | E12: Pioneer Goods | F12: 40HC | G12: 46181 | H12: 4 | J12: =G12+H12 -> 46185 | K12: 110 | L12: =MAX(0, IF(I12="", $C$2-J12, I12-J12)) -> 74 | M12: {=_xlfn.IFS(L12>=10,"HIGH",L12=0,"LOW",L12<=9,"MEDIUM")} -> HIGH | N12: {=_xlfn.IFS(M12="HIGH",K12*L12,M12="MEDIUM",K12*L12,M12="LOW","NA")} -> 8140 | O12: =IF(I12="","still in yard","cleared") -> still in yard
A13: 9 | B13: CNTR100008 | C13: Terminal B | D13: ONE Kestrel | E13: BlueCrest Mfg | F13: 40RF | G13: 46205 | H13: 3 | I13: 46212 | J13: =G13+H13 -> 46208 | K13: 120 | L13: =MAX(0, IF(I13="", $C$2-J13, I13-J13)) -> 4 | M13: {=_xlfn.IFS(L13>=10,"HIGH",L13=0,"LOW",L13<=9,"MEDIUM")} -> MEDIUM | N13: {=_xlfn.IFS(M13="HIGH",K13*L13,M13="MEDIUM",K13*L13,M13="LOW","NA")} -> 480 | O13: =IF(I13="","still in yard","cleared") -> cleared
A14: 10 | B14: CNTR100009 | C14: Terminal C | D14: ONE Kestrel | E14: Coastal Imports | F14: 40RF | G14: 46184 | H14: 4 | J14: =G14+H14 -> 46188 | K14: 120 | L14: =MAX(0, IF(I14="", $C$2-J14, I14-J14)) -> 71 | M14: {=_xlfn.IFS(L14>=10,"HIGH",L14=0,"LOW",L14<=9,"MEDIUM")} -> HIGH | N14: {=_xlfn.IFS(M14="HIGH",K14*L14,M14="MEDIUM",K14*L14,M14="LOW","NA")} -> 8520 | O14: =IF(I14="","still in yard","cleared") -> still in yard
A15: 11 | B15: CNTR100010 | C15: Terminal C | D15: Yang Ming Peak | E15: Horizon Foods | F15: 20GP | G15: 46169 | H15: 5 | I15: 46181 | J15: =G15+H15 -> 46174 | K15: 90 | L15: =MAX(0, IF(I15="", $C$2-J15, I15-J15)) -> 7 | M15: {=_xlfn.IFS(L15>=10,"HIGH",L15=0,"LOW",L15<=9,"MEDIUM")} -> MEDIUM | N15: {=_xlfn.IFS(M15="HIGH",K15*L15,M15="MEDIUM",K15*L15,M15="LOW","NA")} -> 630 | O15: =IF(I15="","still in yard","cleared") -> cleared
A16: 12 | B16: CNTR100011 | C16: Terminal D | D16: ONE Kestrel | E16: Nova Retail | F16: 40RF | G16: 46213 | H16: 3 | I16: 46215 | J16: =G16+H16 -> 46216 | K16: 150 | L16: =MAX(0, IF(I16="", $C$2-J16, I16-J16)) -> 0 | M16: {=_xlfn.IFS(L16>=10,"HIGH",L16=0,"LOW",L16<=9,"MEDIUM")} -> LOW | N16: {=_xlfn.IFS(M16="HIGH",K16*L16,M16="MEDIUM",K16*L16,M16="LOW","NA")} -> NA | O16: =IF(I16="","still in yard","cleared") -> cleared
A17: 13 | B17: CNTR100012 | C17: Terminal A | D17: OOCL Bergen | E17: Summit Traders | F17: 40GP | G17: 46227 | H17: 6 | I17: 46234 | J17: =G17+H17 -> 46233 | K17: 110 | L17: =MAX(0, IF(I17="", $C$2-J17, I17-J17)) -> 1 | M17: {=_xlfn.IFS(L17>=10,"HIGH",L17=0,"LOW",L17<=9,"MEDIUM")} -> MEDIUM | N17: {=_xlfn.IFS(M17="HIGH",K17*L17,M17="MEDIUM",K17*L17,M17="LOW","NA")} -> 110 | O17: =IF(I17="","still in yard","cleared") -> cleared
A18: 14 | B18: CNTR100013 | C18: Terminal D | D18: COSCO Harmony | E18: Summit Traders | F18: 40GP | G18: 46203 | H18: 7 | J18: =G18+H18 -> 46210 | K18: 110 | L18: =MAX(0, IF(I18="", $C$2-J18, I18-J18)) -> 49 | M18: {=_xlfn.IFS(L18>=10,"HIGH",L18=0,"LOW",L18<=9,"MEDIUM")} -> HIGH | N18: {=_xlfn.IFS(M18="HIGH",K18*L18,M18="MEDIUM",K18*L18,M18="LOW","NA")} -> 5390 | O18: =IF(I18="","still in yard","cleared") -> still in yard
A19: 15 | B19: CNTR100014 | C19: Terminal C | D19: Hapag Lloyd Bern | E19: Atlas Motors | F19: 40GP | G19: 46248 | H19: 5 | J19: =G19+H19 -> 46253 | K19: 75 | L19: =MAX(0, IF(I19="", $C$2-J19, I19-J19)) -> 6 | M19: {=_xlfn.IFS(L19>=10,"HIGH",L19=0,"LOW",L19<=9,"MEDIUM")} -> MEDIUM | N19: {=_xlfn.IFS(M19="HIGH",K19*L19,M19="MEDIUM",K19*L19,M19="LOW","NA")} -> 450 | O19: =IF(I19="","still in yard","cleared") -> still in yard
A20: 16 | B20: CNTR100015 | C20: Terminal A | D20: Yang Ming Peak | E20: Harbor Direct | F20: 40GP | G20: 46225 | H20: 5 | J20: =G20+H20 -> 46230 | K20: 110 | L20: =MAX(0, IF(I20="", $C$2-J20, I20-J20)) -> 29 | M20: {=_xlfn.IFS(L20>=10,"HIGH",L20=0,"LOW",L20<=9,"MEDIUM")} -> HIGH | N20: {=_xlfn.IFS(M20="HIGH",K20*L20,M20="MEDIUM",K20*L20,M20="LOW","NA")} -> 3190 | O20: =IF(I20="","still in yard","cleared") -> still in yard
A21: 17 | B21: CNTR100016 | C21: Terminal C | D21: ZIM Voyager | E21: Harbor Direct | F21: 40HC | G21: 46242 | H21: 7 | I21: 46247 | J21: =G21+H21 -> 46249 | K21: 60 | L21: =MAX(0, IF(I21="", $C$2-J21, I21-J21)) -> 0 | M21: {=_xlfn.IFS(L21>=10,"HIGH",L21=0,"LOW",L21<=9,"MEDIUM")} -> LOW | N21: {=_xlfn.IFS(M21="HIGH",K21*L21,M21="MEDIUM",K21*L21,M21="LOW","NA")} -> NA | O21: =IF(I21="","still in yard","cleared") -> cleared
A22: 18 | B22: CNTR100017 | C22: Terminal D | D22: COSCO Harmony | E22: Redline Logistics | F22: 40RF | G22: 46207 | H22: 4 | J22: =G22+H22 -> 46211 | K22: 180 | L22: =MAX(0, IF(I22="", $C$2-J22, I22-J22)) -> 48 | M22: {=_xlfn.IFS(L22>=10,"HIGH",L22=0,"LOW",L22<=9,"MEDIUM")} -> HIGH | N22: {=_xlfn.IFS(M22="HIGH",K22*L22,M22="MEDIUM",K22*L22,M22="LOW","NA")} -> 8640 | O22: =IF(I22="","still in yard","cleared") -> still in yard
A23: 19 | B23: CNTR100018 | C23: Terminal D | D23: MSC Elena | E23: Atlas Motors | F23: 20GP | G23: 46232 | H23: 6 | J23: =G23+H23 -> 46238 | K23: 90 | L23: =MAX(0, IF(I23="", $C$2-J23, I23-J23)) -> 21 | M23: {=_xlfn.IFS(L23>=10,"HIGH",L23=0,"LOW",L23<=9,"MEDIUM")} -> HIGH | N23: {=_xlfn.IFS(M23="HIGH",K23*L23,M23="MEDIUM",K23*L23,M23="LOW","NA")} -> 1890 | O23: =IF(I23="","still in yard","cleared") -> still in yard
A24: 20 | B24: CNTR100019 | C24: Terminal A | D24: CMA CGM Rhone | E24: Nova Retail | F24: 40GP | G24: 46190 | H24: 4 | I24: 46192 | J24: =G24+H24 -> 46194 | K24: 75 | L24: =MAX(0, IF(I24="", $C$2-J24, I24-J24)) -> 0 | M24: {=_xlfn.IFS(L24>=10,"HIGH",L24=0,"LOW",L24<=9,"MEDIUM")} -> LOW | N24: {=_xlfn.IFS(M24="HIGH",K24*L24,M24="MEDIUM",K24*L24,M24="LOW","NA")} -> NA | O24: =IF(I24="","still in yard","cleared") -> cleared
A25: 21 | B25: CNTR100020 | C25: Terminal D | D25: Maersk Kiel | E25: Summit Traders | F25: 40HC | G25: 46181 | H25: 5 | I25: 46184 | J25: =G25+H25 -> 46186 | K25: 60 | L25: =MAX(0, IF(I25="", $C$2-J25, I25-J25)) -> 0 | M25: {=_xlfn.IFS(L25>=10,"HIGH",L25=0,"LOW",L25<=9,"MEDIUM")} -> LOW | N25: {=_xlfn.IFS(M25="HIGH",K25*L25,M25="MEDIUM",K25*L25,M25="LOW","NA")} -> NA | O25: =IF(I25="","still in yard","cleared") -> cleared
A26: 22 | B26: CNTR100021 | C26: Terminal D | D26: Yang Ming Peak | E26: Pioneer Goods | F26: 40RF | G26: 46219 | H26: 3 | J26: =G26+H26 -> 46222 | K26: 180 | L26: =MAX(0, IF(I26="", $C$2-J26, I26-J26)) -> 37 | M26: {=_xlfn.IFS(L26>=10,"HIGH",L26=0,"LOW",L26<=9,"MEDIUM")} -> HIGH | N26: {=_xlfn.IFS(M26="HIGH",K26*L26,M26="MEDIUM",K26*L26,M26="LOW","NA")} -> 6660 | O26: =IF(I26="","still in yard","cleared") -> still in yard
A27: 23 | B27: CNTR100022 | C27: Terminal C | D27: Evergreen Ace | E27: Pioneer Goods | F27: 40GP | G27: 46192 | H27: 4 | J27: =G27+H27 -> 46196 | K27: 130 | L27: =MAX(0, IF(I27="", $C$2-J27, I27-J27)) -> 63 | M27: {=_xlfn.IFS(L27>=10,"HIGH",L27=0,"LOW",L27<=9,"MEDIUM")} -> HIGH | N27: {=_xlfn.IFS(M27="HIGH",K27*L27,M27="MEDIUM",K27*L27,M27="LOW","NA")} -> 8190 | O27: =IF(I27="","still in yard","cleared") -> still in yard
A28: 24 | B28: CNTR100023 | C28: Terminal C | D28: Maersk Kiel | E28: Vantage Traders | F28: 20GP | G28: 46191 | H28: 5 | I28: 46200 | J28: =G28+H28 -> 46196 | K28: 90 | L28: =MAX(0, IF(I28="", $C$2-J28, I28-J28)) -> 4 | M28: {=_xlfn.IFS(L28>=10,"HIGH",L28=0,"LOW",L28<=9,"MEDIUM")} -> MEDIUM | N28: {=_xlfn.IFS(M28="HIGH",K28*L28,M28="MEDIUM",K28*L28,M28="LOW","NA")} -> 360 | O28: =IF(I28="","still in yard","cleared") -> cleared
A29: 25 | B29: CNTR100024 | C29: Terminal C | D29: Maersk Kiel | E29: Coastal Imports | F29: 40GP | G29: 46190 | H29: 7 | I29: 46192 | J29: =G29+H29 -> 46197 | K29: 90 | L29: =MAX(0, IF(I29="", $C$2-J29, I29-J29)) -> 0 | M29: {=_xlfn.IFS(L29>=10,"HIGH",L29=0,"LOW",L29<=9,"MEDIUM")} -> LOW | N29: {=_xlfn.IFS(M29="HIGH",K29*L29,M29="MEDIUM",K29*L29,M29="LOW","NA")} -> NA | O29: =IF(I29="","still in yard","cleared") -> cleared
A30: 26 | B30: CNTR100025 | C30: Terminal B | D30: ZIM Voyager | E30: Atlas Motors | F30: 40GP | G30: 46207 | H30: 5 | J30: =G30+H30 -> 46212 | K30: 110 | L30: =MAX(0, IF(I30="", $C$2-J30, I30-J30)) -> 47 | M30: {=_xlfn.IFS(L30>=10,"HIGH",L30=0,"LOW",L30<=9,"MEDIUM")} -> HIGH | N30: {=_xlfn.IFS(M30="HIGH",K30*L30,M30="MEDIUM",K30*L30,M30="LOW","NA")} -> 5170 | O30: =IF(I30="","still in yard","cleared") -> still in yard
A31: 27 | B31: CNTR100026 | C31: Terminal C | D31: MSC Elena | E31: Nova Retail | F31: 40HC | G31: 46198 | H31: 5 | J31: =G31+H31 -> 46203 | K31: 130 | L31: =MAX(0, IF(I31="", $C$2-J31, I31-J31)) -> 56 | M31: {=_xlfn.IFS(L31>=10,"HIGH",L31=0,"LOW",L31<=9,"MEDIUM")} -> HIGH | N31: {=_xlfn.IFS(M31="HIGH",K31*L31,M31="MEDIUM",K31*L31,M31="LOW","NA")} -> 7280 | O31: =IF(I31="","still in yard","cleared") -> still in yard
A32: 28 | B32: CNTR100027 | C32: Terminal C | D32: Yang Ming Peak | E32: Coastal Imports | F32: 40HC | G32: 46248 | H32: 5 | J32: =G32+H32 -> 46253 | K32: 110 | L32: =MAX(0, IF(I32="", $C$2-J32, I32-J32)) -> 6 | M32: {=_xlfn.IFS(L32>=10,"HIGH",L32=0,"LOW",L32<=9,"MEDIUM")} -> MEDIUM | N32: {=_xlfn.IFS(M32="HIGH",K32*L32,M32="MEDIUM",K32*L32,M32="LOW","NA")} -> 660 | O32: =IF(I32="","still in yard","cleared") -> still in yard
A33: 29 | B33: CNTR100028 | C33: Terminal B | D33: ONE Kestrel | E33: Atlas Motors | F33: 40RF | G33: 46179 | H33: 4 | I33: 46180 | J33: =G33+H33 -> 46183 | K33: 180 | L33: =MAX(0, IF(I33="", $C$2-J33, I33-J33)) -> 0 | M33: {=_xlfn.IFS(L33>=10,"HIGH",L33=0,"LOW",L33<=9,"MEDIUM")} -> LOW | N33: {=_xlfn.IFS(M33="HIGH",K33*L33,M33="MEDIUM",K33*L33,M33="LOW","NA")} -> NA | O33: =IF(I33="","still in yard","cleared") -> cleared
A34: 30 | B34: CNTR100029 | C34: Terminal A | D34: CMA CGM Rhone | E34: Redline Logistics | F34: 40GP | G34: 46197 | H34: 5 | I34: 46202 | J34: =G34+H34 -> 46202 | K34: 90 | L34: =MAX(0, IF(I34="", $C$2-J34, I34-J34)) -> 0 | M34: {=_xlfn.IFS(L34>=10,"HIGH",L34=0,"LOW",L34<=9,"MEDIUM")} -> LOW | N34: {=_xlfn.IFS(M34="HIGH",K34*L34,M34="MEDIUM",K34*L34,M34="LOW","NA")} -> NA | O34: =IF(I34="","still in yard","cleared") -> cleared
A35: 31 | B35: CNTR100030 | C35: Terminal A | D35: Hapag Lloyd Bern | E35: Pioneer Goods | F35: 40RF | G35: 46248 | H35: 4 | J35: =G35+H35 -> 46252 | K35: 120 | L35: =MAX(0, IF(I35="", $C$2-J35, I35-J35)) -> 7 | M35: {=_xlfn.IFS(L35>=10,"HIGH",L35=0,"LOW",L35<=9,"MEDIUM")} -> MEDIUM | N35: {=_xlfn.IFS(M35="HIGH",K35*L35,M35="MEDIUM",K35*L35,M35="LOW","NA")} -> 840 | O35: =IF(I35="","still in yard","cleared") -> still in yard
A36: 32 | B36: CNTR100031 | C36: Terminal A | D36: Maersk Kiel | E36: Harbor Direct | F36: 40RF | G36: 46175 | H36: 3 | I36: 46176 | J36: =G36+H36 -> 46178 | K36: 150 | L36: =MAX(0, IF(I36="", $C$2-J36, I36-J36)) -> 0 | M36: {=_xlfn.IFS(L36>=10,"HIGH",L36=0,"LOW",L36<=9,"MEDIUM")} -> LOW | N36: {=_xlfn.IFS(M36="HIGH",K36*L36,M36="MEDIUM",K36*L36,M36="LOW","NA")} -> NA | O36: =IF(I36="","still in yard","cleared") -> cleared
A37: 33 | B37: CNTR100032 | C37: Terminal B | D37: COSCO Harmony | E37: Vantage Traders | F37: 40GP | G37: 46256 | H37: 4 | I37: 46257 | J37: =G37+H37 -> 46260 | K37: 60 | L37: =MAX(0, IF(I37="", $C$2-J37, I37-J37)) -> 0 | M37: {=_xlfn.IFS(L37>=10,"HIGH",L37=0,"LOW",L37<=9,"MEDIUM")} -> LOW | N37: {=_xlfn.IFS(M37="HIGH",K37*L37,M37="MEDIUM",K37*L37,M37="LOW","NA")} -> NA | O37: =IF(I37="","still in yard","cleared") -> cleared
A38: 34 | B38: CNTR100033 | C38: Terminal B | D38: Hapag Lloyd Bern | E38: Atlas Motors | F38: 40GP | G38: 46255 | H38: 5 | J38: =G38+H38 -> 46260 | K38: 130 | L38: =MAX(0, IF(I38="", $C$2-J38, I38-J38)) -> 0 | M38: {=_xlfn.IFS(L38>=10,"HIGH",L38=0,"LOW",L38<=9,"MEDIUM")} -> LOW | N38: {=_xlfn.IFS(M38="HIGH",K38*L38,M38="MEDIUM",K38*L38,M38="LOW","NA")} -> NA | O38: =IF(I38="","still in yard","cleared") -> still in yard
A39: 35 | B39: CNTR100034 | C39: Terminal B | D39: ZIM Voyager | E39: Coastal Imports | F39: 40HC | G39: 46189 | H39: 6 | I39: 46201 | J39: =G39+H39 -> 46195 | K39: 110 | L39: =MAX(0, IF(I39="", $C$2-J39, I39-J39)) -> 6 | M39: {=_xlfn.IFS(L39>=10,"HIGH",L39=0,"LOW",L39<=9,"MEDIUM")} -> MEDIUM | N39: {=_xlfn.IFS(M39="HIGH",K39*L39,M39="MEDIUM",K39*L39,M39="LOW","NA")} -> 660 | O39: =IF(I39="","still in yard","cleared") -> cleared
A40: 36 | B40: CNTR100035 | C40: Terminal D | D40: COSCO Harmony | E40: BlueCrest Mfg | F40: 40GP | G40: 46191 | H40: 7 | J40: =G40+H40 -> 46198 | K40: 110 | L40: =MAX(0, IF(I40="", $C$2-J40, I40-J40)) -> 61 | M40: {=_xlfn.IFS(L40>=10,"HIGH",L40=0,"LOW",L40<=9,"MEDIUM")} -> HIGH | N40: {=_xlfn.IFS(M40="HIGH",K40*L40,M40="MEDIUM",K40*L40,M40="LOW","NA")} -> 6710 | O40: =IF(I40="","still in yard","cleared") -> still in yard
A41: 37 | B41: CNTR100036 | C41: Terminal B | D41: ZIM Voyager | E41: Nova Retail | F41: 40GP | G41: 46236 | H41: 5 | I41: 46243 | J41: =G41+H41 -> 46241 | K41: 60 | L41: =MAX(0, IF(I41="", $C$2-J41, I41-J41)) -> 2 | M41: {=_xlfn.IFS(L41>=10,"HIGH",L41=0,"LOW",L41<=9,"MEDIUM")} -> MEDIUM | N41: {=_xlfn.IFS(M41="HIGH",K41*L41,M41="MEDIUM",K41*L41,M41="LOW","NA")} -> 120 | O41: =IF(I41="","still in yard","cleared") -> cleared
A42: 38 | B42: CNTR100037 | C42: Terminal A | D42: ONE Kestrel | E42: Vantage Traders | F42: 40RF | G42: 46245 | H42: 4 | J42: =G42+H42 -> 46249 | K42: 120 | L42: =MAX(0, IF(I42="", $C$2-J42, I42-J42)) -> 10 | M42: {=_xlfn.IFS(L42>=10,"HIGH",L42=0,"LOW",L42<=9,"MEDIUM")} -> HIGH | N42: {=_xlfn.IFS(M42="HIGH",K42*L42,M42="MEDIUM",K42*L42,M42="LOW","NA")} -> 1200 | O42: =IF(I42="","still in yard","cleared") -> still in yard
A43: 39 | B43: CNTR100038 | C43: Terminal C | D43: MSC Elena | E43: Horizon Foods | F43: 40RF | G43: 46187 | H43: 3 | I43: 46193 | J43: =G43+H43 -> 46190 | K43: 180 | L43: =MAX(0, IF(I43="", $C$2-J43, I43-J43)) -> 3 | M43: {=_xlfn.IFS(L43>=10,"HIGH",L43=0,"LOW",L43<=9,"MEDIUM")} -> MEDIUM | N43: {=_xlfn.IFS(M43="HIGH",K43*L43,M43="MEDIUM",K43*L43,M43="LOW","NA")} -> 540 | O43: =IF(I43="","still in yard","cleared") -> cleared
A44: 40 | B44: CNTR100039 | C44: Terminal B | D44: Evergreen Ace | E44: Pioneer Goods | F44: 40RF | G44: 46194 | H44: 3 | I44: 46195 | J44: =G44+H44 -> 46197 | K44: 150 | L44: =MAX(0, IF(I44="", $C$2-J44, I44-J44)) -> 0 | M44: {=_xlfn.IFS(L44>=10,"HIGH",L44=0,"LOW",L44<=9,"MEDIUM")} -> LOW | N44: {=_xlfn.IFS(M44="HIGH",K44*L44,M44="MEDIUM",K44*L44,M44="LOW","NA")} -> NA | O44: =IF(I44="","still in yard","cleared") -> cleared
A45: 41 | B45: CNTR100040 | C45: Terminal B | D45: Yang Ming Peak | E45: BlueCrest Mfg | F45: 40RF | G45: 46243 | H45: 4 | I45: 46249 | J45: =G45+H45 -> 46247 | K45: 120 | L45: =MAX(0, IF(I45="", $C$2-J45, I45-J45)) -> 2 | M45: {=_xlfn.IFS(L45>=10,"HIGH",L45=0,"LOW",L45<=9,"MEDIUM")} -> MEDIUM | N45: {=_xlfn.IFS(M45="HIGH",K45*L45,M45="MEDIUM",K45*L45,M45="LOW","NA")} -> 240 | O45: =IF(I45="","still in yard","cleared") -> cleared
A46: 42 | B46: CNTR100041 | C46: Terminal B | D46: Evergreen Ace | E46: Horizon Foods | F46: 40GP | G46: 46176 | H46: 5 | J46: =G46+H46 -> 46181 | K46: 75 | L46: =MAX(0, IF(I46="", $C$2-J46, I46-J46)) -> 78 | M46: {=_xlfn.IFS(L46>=10,"HIGH",L46=0,"LOW",L46<=9,"MEDIUM")} -> HIGH | N46: {=_xlfn.IFS(M46="HIGH",K46*L46,M46="MEDIUM",K46*L46,M46="LOW","NA")} -> 5850 | O46: =IF(I46="","still in yard","cleared") -> still in yard
A47: 43 | B47: CNTR100042 | C47: Terminal D | D47: OOCL Bergen | E47: Horizon Foods | F47: 40RF | G47: 46196 | H47: 3 | I47: 46200 | J47: =G47+H47 -> 46199 | K47: 120 | L47: =MAX(0, IF(I47="", $C$2-J47, I47-J47)) -> 1 | M47: {=_xlfn.IFS(L47>=10,"HIGH",L47=0,"LOW",L47<=9,"MEDIUM")} -> MEDIUM | N47: {=_xlfn.IFS(M47="HIGH",K47*L47,M47="MEDIUM",K47*L47,M47="LOW","NA")} -> 120 | O47: =IF(I47="","still in yard","cleared") -> cleared
A48: 44 | B48: CNTR100043 | C48: Terminal B | D48: Hapag Lloyd Bern | E48: Vantage Traders | F48: 40RF | G48: 46215 | H48: 4 | J48: =G48+H48 -> 46219 | K48: 150 | L48: =MAX(0, IF(I48="", $C$2-J48, I48-J48)) -> 40 | M48: {=_xlfn.IFS(L48>=10,"HIGH",L48=0,"LOW",L48<=9,"MEDIUM")} -> HIGH | N48: {=_xlfn.IFS(M48="HIGH",K48*L48,M48="MEDIUM",K48*L48,M48="LOW","NA")} -> 6000 | O48: =IF(I48="","still in yard","cleared") -> still in yard
A49: 45 | B49: CNTR100044 | C49: Terminal A | D49: ONE Kestrel | E49: Nova Retail | F49: 40HC | G49: 46188 | H49: 6 | I49: 46197 | J49: =G49+H49 -> 46194 | K49: 130 | L49: =MAX(0, IF(I49="", $C$2-J49, I49-J49)) -> 3 | M49: {=_xlfn.IFS(L49>=10,"HIGH",L49=0,"LOW",L49<=9,"MEDIUM")} -> MEDIUM | N49: {=_xlfn.IFS(M49="HIGH",K49*L49,M49="MEDIUM",K49*L49,M49="LOW","NA")} -> 390 | O49: =IF(I49="","still in yard","cleared") -> cleared
A50: 46 | B50: CNTR100045 | C50: Terminal C | D50: COSCO Harmony | E50: Horizon Foods | F50: 20GP | G50: 46229 | H50: 4 | J50: =G50+H50 -> 46233 | K50: 90 | L50: =MAX(0, IF(I50="", $C$2-J50, I50-J50)) -> 26 | M50: {=_xlfn.IFS(L50>=10,"HIGH",L50=0,"LOW",L50<=9,"MEDIUM")} -> HIGH | N50: {=_xlfn.IFS(M50="HIGH",K50*L50,M50="MEDIUM",K50*L50,M50="LOW","NA")} -> 2340 | O50: =IF(I50="","still in yard","cleared") -> still in yard
A51: 47 | B51: CNTR100046 | C51: Terminal A | D51: Maersk Kiel | E51: Summit Traders | F51: 40GP | G51: 46204 | H51: 5 | I51: 46209 | J51: =G51+H51 -> 46209 | K51: 130 | L51: =MAX(0, IF(I51="", $C$2-J51, I51-J51)) -> 0 | M51: {=_xlfn.IFS(L51>=10,"HIGH",L51=0,"LOW",L51<=9,"MEDIUM")} -> LOW | N51: {=_xlfn.IFS(M51="HIGH",K51*L51,M51="MEDIUM",K51*L51,M51="LOW","NA")} -> NA | O51: =IF(I51="","still in yard","cleared") -> cleared
A52: 48 | B52: CNTR100047 | C52: Terminal D | D52: ONE Kestrel | E52: Horizon Foods | F52: 40HC | G52: 46251 | H52: 5 | I52: 46259 | J52: =G52+H52 -> 46256 | K52: 60 | L52: =MAX(0, IF(I52="", $C$2-J52, I52-J52)) -> 3 | M52: {=_xlfn.IFS(L52>=10,"HIGH",L52=0,"LOW",L52<=9,"MEDIUM")} -> MEDIUM | N52: {=_xlfn.IFS(M52="HIGH",K52*L52,M52="MEDIUM",K52*L52,M52="LOW","NA")} -> 180 | O52: =IF(I52="","still in yard","cleared") -> cleared
A53: 49 | B53: CNTR100048 | C53: Terminal C | D53: CMA CGM Rhone | E53: Harbor Direct | F53: 40GP | G53: 46250 | H53: 5 | I53: 46259 | J53: =G53+H53 -> 46255 | K53: 110 | L53: =MAX(0, IF(I53="", $C$2-J53, I53-J53)) -> 4 | M53: {=_xlfn.IFS(L53>=10,"HIGH",L53=0,"LOW",L53<=9,"MEDIUM")} -> MEDIUM | N53: {=_xlfn.IFS(M53="HIGH",K53*L53,M53="MEDIUM",K53*L53,M53="LOW","NA")} -> 440 | O53: =IF(I53="","still in yard","cleared") -> cleared
A54: 50 | B54: CNTR100049 | C54: Terminal A | D54: ONE Kestrel | E54: Vantage Traders | F54: 40RF | G54: 46224 | H54: 4 | J54: =G54+H54 -> 46228 | K54: 180 | L54: =MAX(0, IF(I54="", $C$2-J54, I54-J54)) -> 31 | M54: {=_xlfn.IFS(L54>=10,"HIGH",L54=0,"LOW",L54<=9,"MEDIUM")} -> HIGH | N54: {=_xlfn.IFS(M54="HIGH",K54*L54,M54="MEDIUM",K54*L54,M54="LOW","NA")} -> 5580 | O54: =IF(I54="","still in yard","cleared") -> still in yard
A55: 51 | B55: CNTR100050 | C55: Terminal B | D55: CMA CGM Rhone | E55: BlueCrest Mfg | F55: 40HC | G55: 46252 | H55: 5 | J55: =G55+H55 -> 46257 | K55: 90 | L55: =MAX(0, IF(I55="", $C$2-J55, I55-J55)) -> 2 | M55: {=_xlfn.IFS(L55>=10,"HIGH",L55=0,"LOW",L55<=9,"MEDIUM")} -> MEDIUM | N55: {=_xlfn.IFS(M55="HIGH",K55*L55,M55="MEDIUM",K55*L55,M55="LOW","NA")} -> 180 | O55: =IF(I55="","still in yard","cleared") -> still in yard
A56: 52 | B56: CNTR100051 | C56: Terminal C | D56: COSCO Harmony | E56: Atlas Motors | F56: 40HC | G56: 46201 | H56: 7 | I56: 46207 | J56: =G56+H56 -> 46208 | K56: 90 | L56: =MAX(0, IF(I56="", $C$2-J56, I56-J56)) -> 0 | M56: {=_xlfn.IFS(L56>=10,"HIGH",L56=0,"LOW",L56<=9,"MEDIUM")} -> LOW | N56: {=_xlfn.IFS(M56="HIGH",K56*L56,M56="MEDIUM",K56*L56,M56="LOW","NA")} -> NA | O56: =IF(I56="","still in yard","cleared") -> cleared
A57: 53 | B57: CNTR100052 | C57: Terminal A | D57: MSC Elena | E57: Nova Retail | F57: 40GP | G57: 46193 | H57: 6 | J57: =G57+H57 -> 46199 | K57: 110 | L57: =MAX(0, IF(I57="", $C$2-J57, I57-J57)) -> 60 | M57: {=_xlfn.IFS(L57>=10,"HIGH",L57=0,"LOW",L57<=9,"MEDIUM")} -> HIGH | N57: {=_xlfn.IFS(M57="HIGH",K57*L57,M57="MEDIUM",K57*L57,M57="LOW","NA")} -> 6600 | O57: =IF(I57="","still in yard","cleared") -> still in yard
A58: 54 | B58: CNTR100053 | C58: Terminal A | D58: Hapag Lloyd Bern | E58: Pioneer Goods | F58: 40RF | G58: 46194 | H58: 4 | I58: 46205 | J58: =G58+H58 -> 46198 | K58: 120 | L58: =MAX(0, IF(I58="", $C$2-J58, I58-J58)) -> 7 | M58: {=_xlfn.IFS(L58>=10,"HIGH",L58=0,"LOW",L58<=9,"MEDIUM")} -> MEDIUM | N58: {=_xlfn.IFS(M58="HIGH",K58*L58,M58="MEDIUM",K58*L58,M58="LOW","NA")} -> 840 | O58: =IF(I58="","still in yard","cleared") -> cleared
A59: 55 | B59: CNTR100054 | C59: Terminal C | D59: OOCL Bergen | E59: BlueCrest Mfg | F59: 40RF | G59: 46214 | H59: 3 | I59: 46222 | J59: =G59+H59 -> 46217 | K59: 150 | L59: =MAX(0, IF(I59="", $C$2-J59, I59-J59)) -> 5 | M59: {=_xlfn.IFS(L59>=10,"HIGH",L59=0,"LOW",L59<=9,"MEDIUM")} -> MEDIUM | N59: {=_xlfn.IFS(M59="HIGH",K59*L59,M59="MEDIUM",K59*L59,M59="LOW","NA")} -> 750 | O59: =IF(I59="","still in yard","cleared") -> cleared
A60: 56 | B60: CNTR100055 | C60: Terminal D | D60: Maersk Kiel | E60: Nova Retail | F60: 20GP | G60: 46173 | H60: 6 | I60: 46179 | J60: =G60+H60 -> 46179 | K60: 90 | L60: =MAX(0, IF(I60="", $C$2-J60, I60-J60)) -> 0 | M60: {=_xlfn.IFS(L60>=10,"HIGH",L60=0,"LOW",L60<=9,"MEDIUM")} -> LOW | N60: {=_xlfn.IFS(M60="HIGH",K60*L60,M60="MEDIUM",K60*L60,M60="LOW","NA")} -> NA | O60: =IF(I60="","still in yard","cleared") -> cleared
A61: 57 | B61: CNTR100056 | C61: Terminal B | D61: Evergreen Ace | E61: Nova Retail | F61: 40RF | G61: 46235 | H61: 3 | J61: =G61+H61 -> 46238 | K61: 120 | L61: =MAX(0, IF(I61="", $C$2-J61, I61-J61)) -> 21 | M61: {=_xlfn.IFS(L61>=10,"HIGH",L61=0,"LOW",L61<=9,"MEDIUM")} -> HIGH | N61: {=_xlfn.IFS(M61="HIGH",K61*L61,M61="MEDIUM",K61*L61,M61="LOW","NA")} -> 2520 | O61: =IF(I61="","still in yard","cleared") -> still in yard
A62: 58 | B62: CNTR100057 | C62: Terminal C | D62: ONE Kestrel | E62: Coastal Imports | F62: 40HC | G62: 46227 | H62: 4 | I62: 46229 | J62: =G62+H62 -> 46231 | K62: 60 | L62: =MAX(0, IF(I62="", $C$2-J62, I62-J62)) -> 0 | M62: {=_xlfn.IFS(L62>=10,"HIGH",L62=0,"LOW",L62<=9,"MEDIUM")} -> LOW | N62: {=_xlfn.IFS(M62="HIGH",K62*L62,M62="MEDIUM",K62*L62,M62="LOW","NA")} -> NA | O62: =IF(I62="","still in yard","cleared") -> cleared
A63: 59 | B63: CNTR100058 | C63: Terminal C | D63: Hapag Lloyd Bern | E63: Horizon Foods | F63: 40RF | G63: 46223 | H63: 4 | I63: 46230 | J63: =G63+H63 -> 46227 | K63: 120 | L63: =MAX(0, IF(I63="", $C$2-J63, I63-J63)) -> 3 | M63: {=_xlfn.IFS(L63>=10,"HIGH",L63=0,"LOW",L63<=9,"MEDIUM")} -> MEDIUM | N63: {=_xlfn.IFS(M63="HIGH",K63*L63,M63="MEDIUM",K63*L63,M63="LOW","NA")} -> 360 | O63: =IF(I63="","still in yard","cleared") -> cleared
A64: 60 | B64: CNTR100059 | C64: Terminal A | D64: CMA CGM Rhone | E64: Summit Traders | F64: 20GP | G64: 46240 | H64: 6 | I64: 46243 | J64: =G64+H64 -> 46246 | K64: 75 | L64: =MAX(0, IF(I64="", $C$2-J64, I64-J64)) -> 0 | M64: {=_xlfn.IFS(L64>=10,"HIGH",L64=0,"LOW",L64<=9,"MEDIUM")} -> LOW | N64: {=_xlfn.IFS(M64="HIGH",K64*L64,M64="MEDIUM",K64*L64,M64="LOW","NA")} -> NA | O64: =IF(I64="","still in yard","cleared") -> cleared
A65: 61 | B65: CNTR100060 | C65: Terminal A | D65: ZIM Voyager | E65: Vantage Traders | F65: 40GP | G65: 46174 | H65: 7 | I65: 46183 | J65: =G65+H65 -> 46181 | K65: 90 | L65: =MAX(0, IF(I65="", $C$2-J65, I65-J65)) -> 2 | M65: {=_xlfn.IFS(L65>=10,"HIGH",L65=0,"LOW",L65<=9,"MEDIUM")} -> MEDIUM | N65: {=_xlfn.IFS(M65="HIGH",K65*L65,M65="MEDIUM",K65*L65,M65="LOW","NA")} -> 180 | O65: =IF(I65="","still in yard","cleared") -> cleared
A66: 62 | B66: CNTR100061 | C66: Terminal D | D66: Maersk Kiel | E66: Summit Traders | F66: 40GP | G66: 46253 | H66: 7 | I66: 46259 | J66: =G66+H66 -> 46260 | K66: 75 | L66: =MAX(0, IF(I66="", $C$2-J66, I66-J66)) -> 0 | M66: {=_xlfn.IFS(L66>=10,"HIGH",L66=0,"LOW",L66<=9,"MEDIUM")} -> LOW | N66: {=_xlfn.IFS(M66="HIGH",K66*L66,M66="MEDIUM",K66*L66,M66="LOW","NA")} -> NA | O66: =IF(I66="","still in yard","cleared") -> cleared
A67: 63 | B67: CNTR100062 | C67: Terminal A | D67: ZIM Voyager | E67: Atlas Motors | F67: 20GP | G67: 46255 | H67: 4 | J67: =G67+H67 -> 46259 | K67: 90 | L67: =MAX(0, IF(I67="", $C$2-J67, I67-J67)) -> 0 | M67: {=_xlfn.IFS(L67>=10,"HIGH",L67=0,"LOW",L67<=9,"MEDIUM")} -> LOW | N67: {=_xlfn.IFS(M67="HIGH",K67*L67,M67="MEDIUM",K67*L67,M67="LOW","NA")} -> NA | O67: =IF(I67="","still in yard","cleared") -> still in yard
A68: 64 | B68: CNTR100063 | C68: Terminal A | D68: Hapag Lloyd Bern | E68: Pioneer Goods | F68: 20GP | G68: 46178 | H68: 4 | I68: 46179 | J68: =G68+H68 -> 46182 | K68: 75 | L68: =MAX(0, IF(I68="", $C$2-J68, I68-J68)) -> 0 | M68: {=_xlfn.IFS(L68>=10,"HIGH",L68=0,"LOW",L68<=9,"MEDIUM")} -> LOW | N68: {=_xlfn.IFS(M68="HIGH",K68*L68,M68="MEDIUM",K68*L68,M68="LOW","NA")} -> NA | O68: =IF(I68="","still in yard","cleared") -> cleared
A69: 65 | B69: CNTR100064 | C69: Terminal D | D69: Evergreen Ace | E69: Nova Retail | F69: 40RF | G69: 46250 | H69: 4 | I69: 46255 | J69: =G69+H69 -> 46254 | K69: 180 | L69: =MAX(0, IF(I69="", $C$2-J69, I69-J69)) -> 1 | M69: {=_xlfn.IFS(L69>=10,"HIGH",L69=0,"LOW",L69<=9,"MEDIUM")} -> MEDIUM | N69: {=_xlfn.IFS(M69="HIGH",K69*L69,M69="MEDIUM",K69*L69,M69="LOW","NA")} -> 180 | O69: =IF(I69="","still in yard","cleared") -> cleared
A70: 66 | B70: CNTR100065 | C70: Terminal A | D70: Yang Ming Peak | E70: Summit Traders | F70: 20GP | G70: 46225 | H70: 5 | I70: 46228 | J70: =G70+H70 -> 46230 | K70: 75 | L70: =MAX(0, IF(I70="", $C$2-J70, I70-J70)) -> 0 | M70: {=_xlfn.IFS(L70>=10,"HIGH",L70=0,"LOW",L70<=9,"MEDIUM")} -> LOW | N70: {=_xlfn.IFS(M70="HIGH",K70*L70,M70="MEDIUM",K70*L70,M70="LOW","NA")} -> NA | O70: =IF(I70="","still in yard","cleared") -> cleared
A71: 67 | B71: CNTR100066 | C71: Terminal B | D71: Yang Ming Peak | E71: Pioneer Goods | F71: 40RF | G71: 46249 | H71: 4 | I71: 46252 | J71: =G71+H71 -> 46253 | K71: 180 | L71: =MAX(0, IF(I71="", $C$2-J71, I71-J71)) -> 0 | M71: {=_xlfn.IFS(L71>=10,"HIGH",L71=0,"LOW",L71<=9,"MEDIUM")} -> LOW | N71: {=_xlfn.IFS(M71="HIGH",K71*L71,M71="MEDIUM",K71*L71,M71="LOW","NA")} -> NA | O71: =IF(I71="","still in yard","cleared") -> cleared
A72: 68 | B72: CNTR100067 | C72: Terminal B | D72: CMA CGM Rhone | E72: Harbor Direct | F72: 40GP | G72: 46216 | H72: 5 | I72: 46222 | J72: =G72+H72 -> 46221 | K72: 90 | L72: =MAX(0, IF(I72="", $C$2-J72, I72-J72)) -> 1 | M72: {=_xlfn.IFS(L72>=10,"HIGH",L72=0,"LOW",L72<=9,"MEDIUM")} -> MEDIUM | N72: {=_xlfn.IFS(M72="HIGH",K72*L72,M72="MEDIUM",K72*L72,M72="LOW","NA")} -> 90 | O72: =IF(I72="","still in yard","cleared") -> cleared
A73: 69 | B73: CNTR100068 | C73: Terminal B | D73: MSC Elena | E73: Pioneer Goods | F73: 20GP | G73: 46196 | H73: 5 | I73: 46203 | J73: =G73+H73 -> 46201 | K73: 110 | L73: =MAX(0, IF(I73="", $C$2-J73, I73-J73)) -> 2 | M73: {=_xlfn.IFS(L73>=10,"HIGH",L73=0,"LOW",L73<=9,"MEDIUM")} -> MEDIUM | N73: {=_xlfn.IFS(M73="HIGH",K73*L73,M73="MEDIUM",K73*L73,M73="LOW","NA")} -> 220 | O73: =IF(I73="","still in yard","cleared") -> cleared
A74: 70 | B74: CNTR100069 | C74: Terminal C | D74: COSCO Harmony | E74: Summit Traders | F74: 40RF | G74: 46199 | H74: 4 | I74: 46204 | J74: =G74+H74 -> 46203 | K74: 180 | L74: =MAX(0, IF(I74="", $C$2-J74, I74-J74)) -> 1 | M74: {=_xlfn.IFS(L74>=10,"HIGH",L74=0,"LOW",L74<=9,"MEDIUM")} -> MEDIUM | N74: {=_xlfn.IFS(M74="HIGH",K74*L74,M74="MEDIUM",K74*L74,M74="LOW","NA")} -> 180 | O74: =IF(I74="","still in yard","cleared") -> cleared
A75: 71 | B75: CNTR100070 | C75: Terminal B | D75: Evergreen Ace | E75: Horizon Foods | F75: 40RF | G75: 46256 | H75: 4 | I75: 46259 | J75: =G75+H75 -> 46260 | K75: 150 | L75: =MAX(0, IF(I75="", $C$2-J75, I75-J75)) -> 0 | M75: {=_xlfn.IFS(L75>=10,"HIGH",L75=0,"LOW",L75<=9,"MEDIUM")} -> LOW | N75: {=_xlfn.IFS(M75="HIGH",K75*L75,M75="MEDIUM",K75*L75,M75="LOW","NA")} -> NA | O75: =IF(I75="","still in yard","cleared") -> cleared
A76: 72 | B76: CNTR100071 | C76: Terminal C | D76: Hapag Lloyd Bern | E76: Atlas Motors | F76: 40GP | G76: 46249 | H76: 7 | J76: =G76+H76 -> 46256 | K76: 130 | L76: =MAX(0, IF(I76="", $C$2-J76, I76-J76)) -> 3 | M76: {=_xlfn.IFS(L76>=10,"HIGH",L76=0,"LOW",L76<=9,"MEDIUM")} -> MEDIUM | N76: {=_xlfn.IFS(M76="HIGH",K76*L76,M76="MEDIUM",K76*L76,M76="LOW","NA")} -> 390 | O76: =IF(I76="","still in yard","cleared") -> still in yard
A77: 73 | B77: CNTR100072 | C77: Terminal C | D77: ONE Kestrel | E77: BlueCrest Mfg | F77: 40HC | G77: 46244 | H77: 5 | J77: =G77+H77 -> 46249 | K77: 110 | L77: =MAX(0, IF(I77="", $C$2-J77, I77-J77)) -> 10 | M77: {=_xlfn.IFS(L77>=10,"HIGH",L77=0,"LOW",L77<=9,"MEDIUM")} -> HIGH | N77: {=_xlfn.IFS(M77="HIGH",K77*L77,M77="MEDIUM",K77*L77,M77="LOW","NA")} -> 1100 | O77: =IF(I77="","still in yard","cleared") -> still in yard
A78: 74 | B78: CNTR100073 | C78: Terminal D | D78: MSC Elena | E78: BlueCrest Mfg | F78: 20GP | G78: 46196 | H78: 6 | I78: 46197 | J78: =G78+H78 -> 46202 | K78: 75 | L78: =MAX(0, IF(I78="", $C$2-J78, I78-J78)) -> 0 | M78: {=_xlfn.IFS(L78>=10,"HIGH",L78=0,"LOW",L78<=9,"MEDIUM")} -> LOW | N78: {=_xlfn.IFS(M78="HIGH",K78*L78,M78="MEDIUM",K78*L78,M78="LOW","NA")} -> NA | O78: =IF(I78="","still in yard","cleared") -> cleared
A79: 75 | B79: CNTR100074 | C79: Terminal D | D79: ONE Kestrel | E79: Redline Logistics | F79: 40HC | G79: 46243 | H79: 5 | J79: =G79+H79 -> 46248 | K79: 90 | L79: =MAX(0, IF(I79="", $C$2-J79, I79-J79)) -> 11 | M79: {=_xlfn.IFS(L79>=10,"HIGH",L79=0,"LOW",L79<=9,"MEDIUM")} -> HIGH | N79: {=_xlfn.IFS(M79="HIGH",K79*L79,M79="MEDIUM",K79*L79,M79="LOW","NA")} -> 990 | O79: =IF(I79="","still in yard","cleared") -> still in yard
A80: 76 | B80: CNTR100075 | C80: Terminal D | D80: CMA CGM Rhone | E80: Atlas Motors | F80: 20GP | G80: 46221 | H80: 5 | I80: 46222 | J80: =G80+H80 -> 46226 | K80: 130 | L80: =MAX(0, IF(I80="", $C$2-J80, I80-J80)) -> 0 | M80: {=_xlfn.IFS(L80>=10,"HIGH",L80=0,"LOW",L80<=9,"MEDIUM")} -> LOW | N80: {=_xlfn.IFS(M80="HIGH",K80*L80,M80="MEDIUM",K80*L80,M80="LOW","NA")} -> NA | O80: =IF(I80="","still in yard","cleared") -> cleared
A81: 77 | B81: CNTR100076 | C81: Terminal A | D81: ONE Kestrel | E81: Redline Logistics | F81: 40HC | G81: 46252 | H81: 5 | J81: =G81+H81 -> 46257 | K81: 90 | L81: =MAX(0, IF(I81="", $C$2-J81, I81-J81)) -> 2 | M81: {=_xlfn.IFS(L81>=10,"HIGH",L81=0,"LOW",L81<=9,"MEDIUM")} -> MEDIUM | N81: {=_xlfn.IFS(M81="HIGH",K81*L81,M81="MEDIUM",K81*L81,M81="LOW","NA")} -> 180 | O81: =IF(I81="","still in yard","cleared") -> still in yard
A82: 78 | B82: CNTR100077 | C82: Terminal B | D82: OOCL Bergen | E82: Summit Traders | F82: 40RF | G82: 46193 | H82: 4 | J82: =G82+H82 -> 46197 | K82: 150 | L82: =MAX(0, IF(I82="", $C$2-J82, I82-J82)) -> 62 | M82: {=_xlfn.IFS(L82>=10,"HIGH",L82=0,"LOW",L82<=9,"MEDIUM")} -> HIGH | N82: {=_xlfn.IFS(M82="HIGH",K82*L82,M82="MEDIUM",K82*L82,M82="LOW","NA")} -> 9300 | O82: =IF(I82="","still in yard","cleared") -> still in yard
A83: 79 | B83: CNTR100078 | C83: Terminal D | D83: MSC Elena | E83: Redline Logistics | F83: 40GP | G83: 46248 | H83: 4 | I83: 46259 | J83: =G83+H83 -> 46252 | K83: 110 | L83: =MAX(0, IF(I83="", $C$2-J83, I83-J83)) -> 7 | M83: {=_xlfn.IFS(L83>=10,"HIGH",L83=0,"LOW",L83<=9,"MEDIUM")} -> MEDIUM | N83: {=_xlfn.IFS(M83="HIGH",K83*L83,M83="MEDIUM",K83*L83,M83="LOW","NA")} -> 770 | O83: =IF(I83="","still in yard","cleared") -> cleared
A84: 80 | B84: CNTR100079 | C84: Terminal D | D84: ZIM Voyager | E84: BlueCrest Mfg | F84: 40HC | G84: 46196 | H84: 4 | I84: 46197 | J84: =G84+H84 -> 46200 | K84: 110 | L84: =MAX(0, IF(I84="", $C$2-J84, I84-J84)) -> 0 | M84: {=_xlfn.IFS(L84>=10,"HIGH",L84=0,"LOW",L84<=9,"MEDIUM")} -> LOW | N84: {=_xlfn.IFS(M84="HIGH",K84*L84,M84="MEDIUM",K84*L84,M84="LOW","NA")} -> NA | O84: =IF(I84="","still in yard","cleared") -> cleared
A85: 81 | B85: CNTR100080 | C85: Terminal C | D85: Evergreen Ace | E85: Summit Traders | F85: 40HC | G85: 46175 | H85: 5 | I85: 46179 | J85: =G85+H85 -> 46180 | K85: 75 | L85: =MAX(0, IF(I85="", $C$2-J85, I85-J85)) -> 0 | M85: {=_xlfn.IFS(L85>=10,"HIGH",L85=0,"LOW",L85<=9,"MEDIUM")} -> LOW | N85: {=_xlfn.IFS(M85="HIGH",K85*L85,M85="MEDIUM",K85*L85,M85="LOW","NA")} -> NA | O85: =IF(I85="","still in yard","cleared") -> cleared
A86: 82 | B86: CNTR100081 | C86: Terminal C | D86: Yang Ming Peak | E86: Vantage Traders | F86: 40RF | G86: 46243 | H86: 3 | I86: 46250 | J86: =G86+H86 -> 46246 | K86: 150 | L86: =MAX(0, IF(I86="", $C$2-J86, I86-J86)) -> 4 | M86: {=_xlfn.IFS(L86>=10,"HIGH",L86=0,"LOW",L86<=9,"MEDIUM")} -> MEDIUM | N86: {=_xlfn.IFS(M86="HIGH",K86*L86,M86="MEDIUM",K86*L86,M86="LOW","NA")} -> 600 | O86: =IF(I86="","still in yard","cleared") -> cleared
A87: 83 | B87: CNTR100082 | C87: Terminal B | D87: Yang Ming Peak | E87: Coastal Imports | F87: 40RF | G87: 46204 | H87: 3 | I87: 46209 | J87: =G87+H87 -> 46207 | K87: 120 | L87: =MAX(0, IF(I87="", $C$2-J87, I87-J87)) -> 2 | M87: {=_xlfn.IFS(L87>=10,"HIGH",L87=0,"LOW",L87<=9,"MEDIUM")} -> MEDIUM | N87: {=_xlfn.IFS(M87="HIGH",K87*L87,M87="MEDIUM",K87*L87,M87="LOW","NA")} -> 240 | O87: =IF(I87="","still in yard","cleared") -> cleared
A88: 84 | B88: CNTR100083 | C88: Terminal A | D88: Maersk Kiel | E88: Coastal Imports | F88: 20GP | G88: 46218 | H88: 5 | I88: 46223 | J88: =G88+H88 -> 46223 | K88: 60 | L88: =MAX(0, IF(I88="", $C$2-J88, I88-J88)) -> 0 | M88: {=_xlfn.IFS(L88>=10,"HIGH",L88=0,"LOW",L88<=9,"MEDIUM")} -> LOW | N88: {=_xlfn.IFS(M88="HIGH",K88*L88,M88="MEDIUM",K88*L88,M88="LOW","NA")} -> NA | O88: =IF(I88="","still in yard","cleared") -> cleared
A89: 85 | B89: CNTR100084 | C89: Terminal D | D89: Hapag Lloyd Bern | E89: Redline Logistics | F89: 40GP | G89: 46210 | H89: 5 | I89: 46212 | J89: =G89+H89 -> 46215 | K89: 60 | L89: =MAX(0, IF(I89="", $C$2-J89, I89-J89)) -> 0 | M89: {=_xlfn.IFS(L89>=10,"HIGH",L89=0,"LOW",L89<=9,"MEDIUM")} -> LOW | N89: {=_xlfn.IFS(M89="HIGH",K89*L89,M89="MEDIUM",K89*L89,M89="LOW","NA")} -> NA | O89: =IF(I89="","still in yard","cleared") -> cleared
A90: 86 | B90: CNTR100085 | C90: Terminal D | D90: Evergreen Ace | E90: Harbor Direct | F90: 40HC | G90: 46242 | H90: 7 | I90: 46250 | J90: =G90+H90 -> 46249 | K90: 60 | L90: =MAX(0, IF(I90="", $C$2-J90, I90-J90)) -> 1 | M90: {=_xlfn.IFS(L90>=10,"HIGH",L90=0,"LOW",L90<=9,"MEDIUM")} -> MEDIUM | N90: {=_xlfn.IFS(M90="HIGH",K90*L90,M90="MEDIUM",K90*L90,M90="LOW","NA")} -> 60 | O90: =IF(I90="","still in yard","cleared") -> cleared
A91: 87 | B91: CNTR100086 | C91: Terminal C | D91: OOCL Bergen | E91: Redline Logistics | F91: 40RF | G91: 46176 | H91: 4 | I91: 46177 | J91: =G91+H91 -> 46180 | K91: 150 | L91: =MAX(0, IF(I91="", $C$2-J91, I91-J91)) -> 0 | M91: {=_xlfn.IFS(L91>=10,"HIGH",L91=0,"LOW",L91<=9,"MEDIUM")} -> LOW | N91: {=_xlfn.IFS(M91="HIGH",K91*L91,M91="MEDIUM",K91*L91,M91="LOW","NA")} -> NA | O91: =IF(I91="","still in yard","cleared") -> cleared
A92: 88 | B92: CNTR100087 | C92: Terminal A | D92: Maersk Kiel | E92: Nova Retail | F92: 40RF | G92: 46198 | H92: 4 | I92: 46210 | J92: =G92+H92 -> 46202 | K92: 180 | L92: =MAX(0, IF(I92="", $C$2-J92, I92-J92)) -> 8 | M92: {=_xlfn.IFS(L92>=10,"HIGH",L92=0,"LOW",L92<=9,"MEDIUM")} -> MEDIUM | N92: {=_xlfn.IFS(M92="HIGH",K92*L92,M92="MEDIUM",K92*L92,M92="LOW","NA")} -> 1440 | O92: =IF(I92="","still in yard","cleared") -> cleared
A93: 89 | B93: CNTR100088 | C93: Terminal D | D93: Yang Ming Peak | E93: Atlas Motors | F93: 20GP | G93: 46230 | H93: 5 | J93: =G93+H93 -> 46235 | K93: 60 | L93: =MAX(0, IF(I93="", $C$2-J93, I93-J93)) -> 24 | M93: {=_xlfn.IFS(L93>=10,"HIGH",L93=0,"LOW",L93<=9,"MEDIUM")} -> HIGH | N93: {=_xlfn.IFS(M93="HIGH",K93*L93,M93="MEDIUM",K93*L93,M93="LOW","NA")} -> 1440 | O93: =IF(I93="","still in yard","cleared") -> still in yard
A94: 90 | B94: CNTR100089 | C94: Terminal D | D94: CMA CGM Rhone | E94: Vantage Traders | F94: 20GP | G94: 46258 | H94: 5 | J94: =G94+H94 -> 46263 | K94: 60 | L94: =MAX(0, IF(I94="", $C$2-J94, I94-J94)) -> 0 | M94: {=_xlfn.IFS(L94>=10,"HIGH",L94=0,"LOW",L94<=9,"MEDIUM")} -> LOW | N94: {=_xlfn.IFS(M94="HIGH",K94*L94,M94="MEDIUM",K94*L94,M94="LOW","NA")} -> NA | O94: =IF(I94="","still in yard","cleared") -> still in yard
A95: 91 | B95: CNTR100090 | C95: Terminal C | D95: Maersk Kiel | E95: Summit Traders | F95: 40RF | G95: 46169 | H95: 3 | J95: =G95+H95 -> 46172 | K95: 150 | L95: =MAX(0, IF(I95="", $C$2-J95, I95-J95)) -> 87 | M95: {=_xlfn.IFS(L95>=10,"HIGH",L95=0,"LOW",L95<=9,"MEDIUM")} -> HIGH | N95: {=_xlfn.IFS(M95="HIGH",K95*L95,M95="MEDIUM",K95*L95,M95="LOW","NA")} -> 13050 | O95: =IF(I95="","still in yard","cleared") -> still in yard
A96: 92 | B96: CNTR100091 | C96: Terminal B | D96: Hapag Lloyd Bern | E96: Summit Traders | F96: 40GP | G96: 46182 | H96: 4 | J96: =G96+H96 -> 46186 | K96: 90 | L96: =MAX(0, IF(I96="", $C$2-J96, I96-J96)) -> 73 | M96: {=_xlfn.IFS(L96>=10,"HIGH",L96=0,"LOW",L96<=9,"MEDIUM")} -> HIGH | N96: {=_xlfn.IFS(M96="HIGH",K96*L96,M96="MEDIUM",K96*L96,M96="LOW","NA")} -> 6570 | O96: =IF(I96="","still in yard","cleared") -> still in yard
A97: 93 | B97: CNTR100092 | C97: Terminal D | D97: Evergreen Ace | E97: Coastal Imports | F97: 40GP | G97: 46198 | H97: 7 | J97: =G97+H97 -> 46205 | K97: 75 | L97: =MAX(0, IF(I97="", $C$2-J97, I97-J97)) -> 54 | M97: {=_xlfn.IFS(L97>=10,"HIGH",L97=0,"LOW",L97<=9,"MEDIUM")} -> HIGH | N97: {=_xlfn.IFS(M97="HIGH",K97*L97,M97="MEDIUM",K97*L97,M97="LOW","NA")} -> 4050 | O97: =IF(I97="","still in yard","cleared") -> still in yard
A98: 94 | B98: CNTR100093 | C98: Terminal A | D98: Hapag Lloyd Bern | E98: Summit Traders | F98: 20GP | G98: 46256 | H98: 5 | I98: 46259 | J98: =G98+H98 -> 46261 | K98: 110 | L98: =MAX(0, IF(I98="", $C$2-J98, I98-J98)) -> 0 | M98: {=_xlfn.IFS(L98>=10,"HIGH",L98=0,"LOW",L98<=9,"MEDIUM")} -> LOW | N98: {=_xlfn.IFS(M98="HIGH",K98*L98,M98="MEDIUM",K98*L98,M98="LOW","NA")} -> NA | O98: =IF(I98="","still in yard","cleared") -> cleared
A99: 95 | B99: CNTR100094 | C99: Terminal A | D99: Evergreen Ace | E99: Atlas Motors | F99: 40RF | G99: 46211 | H99: 3 | I99: 46212 | J99: =G99+H99 -> 46214 | K99: 150 | L99: =MAX(0, IF(I99="", $C$2-J99, I99-J99)) -> 0 | M99: {=_xlfn.IFS(L99>=10,"HIGH",L99=0,"LOW",L99<=9,"MEDIUM")} -> LOW | N99: {=_xlfn.IFS(M99="HIGH",K99*L99,M99="MEDIUM",K99*L99,M99="LOW","NA")} -> NA | O99: =IF(I99="","still in yard","cleared") -> cleared
A100: 96 | B100: CNTR100095 | C100: Terminal D | D100: OOCL Bergen | E100: Nova Retail | F100: 40HC | G100: 46194 | H100: 4 | J100: =G100+H100 -> 46198 | K100: 75 | L100: =MAX(0, IF(I100="", $C$2-J100, I100-J100)) -> 61 | M100: {=_xlfn.IFS(L100>=10,"HIGH",L100=0,"LOW",L100<=9,"MEDIUM")} -> HIGH | N100: {=_xlfn.IFS(M100="HIGH",K100*L100,M100="MEDIUM",K100*L100,M100="LOW","NA")} -> 4575 | O100: =IF(I100="","still in yard","cleared") -> still in yard
A101: 97 | B101: CNTR100096 | C101: Terminal C | D101: OOCL Bergen | E101: Atlas Motors | F101: 40RF | G101: 46230 | H101: 4 | I101: 46231 | J101: =G101+H101 -> 46234 | K101: 150 | L101: =MAX(0, IF(I101="", $C$2-J101, I101-J101)) -> 0 | M101: {=_xlfn.IFS(L101>=10,"HIGH",L101=0,"LOW",L101<=9,"MEDIUM")} -> LOW | N101: {=_xlfn.IFS(M101="HIGH",K101*L101,M101="MEDIUM",K101*L101,M101="LOW","NA")} -> NA | O101: =IF(I101="","still in yard","cleared") -> cleared
...

Sheet Terminal Performance
A2: S.No | B2: Terminal Name | C2: Count of containers | D2: Average dwell time | E2: Count of containers at high risk | F2: Estimated demurrage for high risk containers $ | G2: Percentage of Risk
A3: 1 | B3: Terminal A | C3: =COUNTIFS('Raw Data'!$C$5:$C$1504,B3) -> 364 | D3: =AVERAGEIF('Raw Data'!$C$5:$C$1504,B3,'Raw Data'!$L$5:$L$1504) -> 14.717033 | E3: =COUNTIFS('Raw Data'!$C$5:$C$1504,B3,'Raw Data'!$M$5:$M$1504,"HIGH") -> 101 | F3: =SUMIFS('Raw Data'!$N$5:$N$1504,'Raw Data'!$C$5:$C$1504,B3,'Raw Data'!$M$5:$M$1504,"HIGH") -> 565650 | G3: =E3/C3 -> 0.27747253
A4: 2 | B4: Terminal B | C4: =COUNTIFS('Raw Data'!$C$5:$C$1505,B4) -> 361 | D4: =AVERAGEIF('Raw Data'!$C$5:$C$1505,B4,'Raw Data'!$L$5:$L$1505) -> 14.750693 | E4: =COUNTIFS('Raw Data'!$C$5:$C$1505,B4,'Raw Data'!$M$5:$M$1505,"HIGH") -> 104 | F4: =SUMIFS('Raw Data'!$N$5:$N$1504,'Raw Data'!$C$5:$C$1504,B4,'Raw Data'!$M$5:$M$1504,"HIGH") -> 526605 | G4: =E4/C4 -> 0.28808864
A5: 3 | B5: Terminal C | C5: =COUNTIFS('Raw Data'!$C$5:$C$1506,B5) -> 385 | D5: =AVERAGEIF('Raw Data'!$C$5:$C$1506,B5,'Raw Data'!$L$5:$L$1506) -> 13.153247 | E5: =COUNTIFS('Raw Data'!$C$5:$C$1506,B5,'Raw Data'!$M$5:$M$1506,"HIGH") -> 96 | F5: =SUMIFS('Raw Data'!$N$5:$N$1504,'Raw Data'!$C$5:$C$1504,B5,'Raw Data'!$M$5:$M$1504,"HIGH") -> 521685 | G5: =E5/C5 -> 0.24935065
A6: 4 | B6: Terminal D | C6: =COUNTIFS('Raw Data'!$C$5:$C$1507,B6) -> 390 | D6: =AVERAGEIF('Raw Data'!$C$5:$C$1507,B6,'Raw Data'!$L$5:$L$1507) -> 13.151282 | E6: =COUNTIFS('Raw Data'!$C$5:$C$1507,B6,'Raw Data'!$M$5:$M$1507,"HIGH") -> 104 | F6: =SUMIFS('Raw Data'!$N$5:$N$1504,'Raw Data'!$C$5:$C$1504,B6,'Raw Data'!$M$5:$M$1504,"HIGH") -> 536175 | G6: =E6/C6 -> 0.26666667

Sheet KPI
A1: The KPIs, and why each one matters
A3: Average Dwell Time (days) — the core metric. How long, on average, a container sits before leaving the terminal. Rising trend = a systemic problem (customs delays, customer pickup issues, yard congestion).
A5: % Containers Over Free Time — the percentage that have blown past their free storage window and are now accruing demurrage charges. This is your headline risk number.
A7: Risk Category counts (High / Medium / Low) — buckets containers by how far over free time they are (10+ days = High, 1–9 = Medium, 0 = Low). Lets you triage: which containers need action today.
A9: Total Estimated Demurrage Exposure — the dollar cost of all the "Days Over" across every container. This is the number a manager actually cares about — it turns dwell time into a financial risk.
A11: Avg Demurrage Cost per At-Risk Container — helps you spot whether a few expensive containers are driving the total, or if it's spread evenly.
A13: Containers Still In Yard — how many haven't moved yet. High volume here + approaching free time deadlines = escalating risk pipeline.
A15: Avg Dwell by Terminal — surfaces operational bottlenecks (is one terminal consistently slower?).
A17: Demurrage Exposure by Customer — surfaces which customers are chronically slow to pick up their containers, useful for account management conversations.
A19: Highest Single Dwell Time — a quick outlier check, useful for catching a container that's been forgotten entirely.

Sheet Pivot table
A3: Terminals | B3: Average of Dwell Time | E3: Customers | F3: Average of Dwell Time | H3: Terminals | I3: Sum of Demurrage Calculation$ | K3: Terminals | L3: Count of Container ID
A4: Terminal A | B4: 14.717033 | E4: Atlas Motors | F4: 11.40113 | H4: Terminal A | I4: 602295 | K4: HIGH | L4: 405
A5: Terminal B | B5: 14.750693 | E5: BlueCrest Mfg | F5: 19.617391 | H5: Terminal B | I5: 560655 | K5: LOW | L5: 655
A6: Terminal C | B6: 13.153247 | E6: Coastal Imports | F6: 14.558333 | H6: Terminal C | I6: 567225 | K6: MEDIUM | L6: 440
A7: Terminal D | B7: 13.151282 | E7: Harbor Direct | F7: 11.96 | H7: Terminal D | I7: 577745 | K7: Grand Total | L7: 1500
A8: Grand Total | B8: 13.916667 | E8: Horizon Foods | F8: 17.759494 | H8: Grand Total | I8: 2307920
E9: Nova Retail | F9: 12.768786
E10: Pioneer Goods | F10: 12.088608
E11: Redline Logistics | F11: 13.328671
E12: Summit Traders | F12: 13.152318
E13: Vantage Traders | F13: 14.470968
E14: Grand Total | F14: 13.916667
A18: Customers | B18: Sum of Demurrage Calculation$ | E18: Count of Container ID | F18: Column Labels
A19: Atlas Motors | B19: 220000 | E19: Risk Level | F19: Terminal A | G19: Terminal B | H19: Terminal C | I19: Terminal D | J19: Grand Total
A20: BlueCrest Mfg | B20: 254100 | E20: HIGH | F20: 101 | G20: 104 | H20: 96 | I20: 104 | J20: 405
A21: Coastal Imports | B21: 186165 | E21: LOW | F21: 155 | G21: 152 | H21: 170 | I21: 178 | J21: 655
A22: Harbor Direct | B22: 200645 | E22: MEDIUM | F22: 108 | G22: 105 | H22: 119 | I22: 108 | J22: 440
A23: Horizon Foods | B23: 303065 | E23: Grand Total | F23: 364 | G23: 361 | H23: 385 | I23: 390 | J23: 1500
A24: Nova Retail | B24: 245450
A25: Pioneer Goods | B25: 221280
A26: Redline Logistics | B26: 222225
A27: Summit Traders | B27: 207490
A28: Vantage Traders | B28: 247500
A29: Grand Total | B29: 2307920

Sheet Dashboard
